{
    "type": "AdaptiveCard",
    "version": "1.3",
    "body": [
        {
            "type": "Container",
            "items": [
                {
                    "type": "ColumnSet",
                    "columns": [
                        {
                            "type": "Column",
                            "width": "auto",
                            "items": [
                                {
                                    "type": "Image",
                                    "url": "${icon}",
                                    "size": "Small"
                                }
                            ]
                        },
                        {
                            "type": "Column",
                            "width": "stretch",
                            "items": [
                                {
                                    "type": "TextBlock",
                                    "text": "Listou",
                                    "weight": "Bolder",
                                    "size": "Medium"
                                },
                                {
                                    "type": "TextBlock",
                                    "text": "${pendingItems} itens pendentes",
                                    "size": "Small",
                                    "color": "Accent"
                                }
                            ]
                        }
                    ]
                }
            ]
        },
        {
            "type": "Container",
            "items": [
                {
                    "type": "TextBlock",
                    "text": "Próximos itens:",
                    "weight": "Bolder",
                    "size": "Small"
                },
                {
                    "type": "Container",
                    "items": [
                        {
                            "$data": "${topItems}",
                            "type": "ColumnSet",
                            "columns": [
                                {
                                    "type": "Column",
                                    "width": "stretch",
                                    "items": [
                                        {
                                            "type": "TextBlock",
                                            "text": "${name}",
                                            "wrap": true
                                        }
                                    ]
                                },
                                {
                                    "type": "Column",
                                    "width": "auto",
                                    "items": [
                                        {
                                            "type": "TextBlock",
                                            "text": "${quantity}x",
                                            "color": "Accent"
                                        }
                                    ]
                                }
                            ]
                        }
                    ]
                }
            ]
        }
    ],
    "actions": [
        {
            "type": "Action.OpenUrl",
            "title": "Abrir Lista",
            "url": "/"
        },
        {
            "type": "Action.OpenUrl",
            "title": "Novo Item",
            "url": "/?action=new-item"
        }
    ]
}
